{"version": "intent/0.1", "dim": 65, "vec": [0.1396860591539156, 0.0698430295769578, 0.0698430295769578, 0.0698430295769578, 0.0698430295769578, 0.2095290887308734, 0.0698430295769578, 0.0698430295769578, 0.1396860591539156, 0.0698430295769578, 0.0698430295769578, 0.0698430295769578, 0.0698430295769578, 0.2793721183078312, 0.1396860591539156, 0.1396860591539156, 0.1396860591539156, 0.0698430295769578, 0.0698430295769578, 0.2793721183078312, 0.0698430295769578, 0.0698430295769578, 0.1396860591539156, 0.1396860591539156, 0.1396860591539156, 0.1396860591539156, 0.0698430295769578, 0.0698430295769578, 0.2793721183078312, 0.0698430295769578, 0.0698430295769578, 0.0698430295769578, 0.2095290887308734, 0.0698430295769578, 0.2095290887308734, 0.0698430295769578, 0.1396860591539156, 0.0698430295769578, 0.0698430295769578, 0.0698430295769578, 0.0698430295769578, 0.0698430295769578, 0.0698430295769578, 0.1396860591539156, 0.0698430295769578, 0.0698430295769578, 0.2095290887308734, 0.2095290887308734, 0.0698430295769578, 0.0698430295769578, 0.0698430295769578, 0.0698430295769578, 0.0698430295769578, 0.2095290887308734, 0.0698430295769578, 0.1396860591539156, 0.1396860591539156, 0.0698430295769578, 0.0698430295769578, 0.0698430295769578, 0.2095290887308734, 0.0698430295769578, 0.0698430295769578, 0.0698430295769578, 0.0698430295769578], "vocab": [" 20", " ci", " co", " eq", " in", " or", "##t", "#to", "-01", "-08", "-09", ".co", ".id", "00:", "00z", "01t", "025", "08-", "09-", "0:0", "0z ", "0z#", "1t0", "202", "25-", "5-0", "8-0", "9-0", ":00", "_co", "_k ", "cit", "cou", "d c", "der", "eq ", "er.", "er_", "id ", "in ", "ity", "k c", "n 2", "nt ", "ntr", "op_", "ord", "oun", "p_k", "q i", "r.c", "r.i", "r_c", "rde", "ry ", "t o", "t00", "top", "try", "ty ", "unt", "y e", "y o", "z 2", "z##"]}