{
  "top1_acc": 0.4,
  "mrr": 0.5458333333333333,
  "slot_f1": 0.0,
  "aplus_mean": 0.5982135759900931,
  "pathscore_mean": 0.05398833050427382,
  "n_golden": 10,
  "n_feedback": 45
}