{
  "top1_acc": 0.4,
  "mrr": 0.5291666666666666,
  "slot_f1": 0.0,
  "aplus_mean": 0.5439529134366372,
  "pathscore_mean": 0.05398833050427382,
  "n_golden": 10,
  "n_feedback": 45
}