{
  "top1_acc": 0.0,
  "mrr": 0.22916666666666666,
  "slot_f1": 0.0,
  "aplus_mean": 0.4753854538862641,
  "pathscore_mean": 0.0,
  "n_golden": 2,
  "n_feedback": 44
}